huc12_id,year,pscutot_mgd
050100070310,2010,0.320657317
050100070310,2011,0.328198747
050100070310,2012,0.347261839
050100070310,2013,0.319845261
050100070310,2014,0.328567954
050100070310,2015,0.340820628
050100070310,2016,0.346707933
050100070310,2017,0.319079172
050100070310,2018,0.294620198
050100070310,2019,0.315020372
050100070310,2020,0.310043472
050100070401,2010,0.008809555
050100070401,2011,0.008977148
050100070401,2012,0.016436408
050100070401,2013,0.009377477
050100070401,2014,0.008325178
050100070401,2015,0.008603206
050100070401,2016,0.009627695
050100070401,2017,0.008707442
050100070401,2018,0.00695496
050100070401,2019,0.007771623
050100070401,2020,0.007720418
050100070402,2010,0.001295022
050100070402,2011,0.001319658
050100070402,2012,0.002416184
050100070402,2013,0.001378507
050100070402,2014,0.001223817
050100070402,2015,0.001264688
050100070402,2016,0.00141529
050100070402,2017,0.001280011
050100070402,2018,0.001022393
050100070402,2019,0.001142444
050100070402,2020,0.001134916
050100070501,2010,0.037855579
050100070501,2011,0.0423957
050100070501,2012,0.043865118
050100070501,2013,0.041614582
050100070501,2014,0.043957757
050100070501,2015,0.055349857
050100070501,2016,0.053371464
050100070501,2017,0.040417371
050100070501,2018,0.032803637
050100070501,2019,0.037764411
050100070501,2020,0.035303772
050100070502,2010,0.062990398
050100070502,2011,0.06236125
050100070502,2012,0.095911394
050100070502,2013,0.063467942
050100070502,2014,0.059812561
050100070502,2015,0.058611193
050100070502,2016,0.061844868
050100070502,2017,0.056763418
050100070502,2018,0.048747938
050100070502,2019,0.053743017
050100070502,2020,0.054091416
050100070503,2010,0.045853473
050100070503,2011,0.046499242
050100070503,2012,0.048782678
050100070503,2013,0.045078913
050100070503,2014,0.0456375
050100070503,2015,0.047565475
050100070503,2016,0.048439358
050100070503,2017,0.044392816
050100070503,2018,0.040571464
050100070503,2019,0.043230514
050100070503,2020,0.042860085
050100070601,2010,0.0
050100070601,2011,0.0
050100070601,2012,0.0
050100070601,2013,0.0
050100070601,2014,0.0
050100070601,2015,0.0
050100070601,2016,0.0
050100070601,2017,0.0
050100070601,2018,0.0
050100070601,2019,0.0
050100070601,2020,0.0
050100070602,2010,0.0
050100070602,2011,0.0
050100070602,2012,0.0
050100070602,2013,0.0
050100070602,2014,0.0
050100070602,2015,0.0
050100070602,2016,0.0
050100070602,2017,0.0
050100070602,2018,0.0
050100070602,2019,0.0
050100070602,2020,0.0
050100070701,2010,0.0
050100070701,2011,0.0
050100070701,2012,0.0
050100070701,2013,0.0
050100070701,2014,0.0
050100070701,2015,0.0
050100070701,2016,0.0
050100070701,2017,0.0
050100070701,2018,0.0
050100070701,2019,0.0
050100070701,2020,0.0
050100070702,2010,0.01164276
050100070702,2011,0.010901759
050100070702,2012,0.013118877
050100070702,2013,0.011644498
050100070702,2014,0.011048051
050100070702,2015,0.011142727
050100070702,2016,0.011516825
050100070702,2017,0.009518405
050100070702,2018,0.00917588
050100070702,2019,0.010268145
050100070702,2020,0.01067518
050100070801,2010,0.0
050100070801,2011,0.0
050100070801,2012,0.0
050100070801,2013,0.0
050100070801,2014,0.0
050100070801,2015,0.0
050100070801,2016,0.0
050100070801,2017,0.0
050100070801,2018,0.0
050100070801,2019,0.0
050100070801,2020,0.0
050100070802,2010,0.015277768
050100070802,2011,0.015188902
050100070802,2012,0.016448854
050100070802,2013,0.015423438
050100070802,2014,0.016092024
050100070802,2015,0.015696146
050100070802,2016,0.016151696
050100070802,2017,0.014863909
050100070802,2018,0.013560507
050100070802,2019,0.015617498
050100070802,2020,0.015305348
050100070803,2010,0.0
050100070803,2011,0.0
050100070803,2012,0.0
050100070803,2013,0.0
050100070803,2014,0.0
050100070803,2015,0.0
050100070803,2016,0.0
050100070803,2017,0.0
050100070803,2018,0.0
050100070803,2019,0.0
050100070803,2020,0.0
050100070804,2010,0.046810476
050100070804,2011,0.151156056
050100070804,2012,0.052832751
050100070804,2013,0.048043434
050100070804,2014,0.046072226
050100070804,2015,0.155199332
050100070804,2016,0.162219112
050100070804,2017,0.148924295
050100070804,2018,0.131072377
050100070804,2019,0.14793533
050100070804,2020,0.152227336
050100070901,2010,0.035837937
050100070901,2011,0.035348065
050100070901,2012,0.03639006
050100070901,2013,0.034966856
050100070901,2014,0.034258576
050100070901,2015,0.040654864
050100070901,2016,0.039678769
050100070901,2017,0.033657939
050100070901,2018,0.027955095
050100070901,2019,0.032124014
050100070901,2020,0.033216054
050100070902,2010,0.0
050100070902,2011,0.0
050100070902,2012,0.0
050100070902,2013,0.0
050100070902,2014,0.0
050100070902,2015,0.0
050100070902,2016,0.0
050100070902,2017,0.0
050100070902,2018,0.0
050100070902,2019,0.0
050100070902,2020,0.0
050100070903,2010,0.0
050100070903,2011,0.0
050100070903,2012,0.0
050100070903,2013,0.0
050100070903,2014,0.0
050100070903,2015,0.0
050100070903,2016,0.0
050100070903,2017,0.0
050100070903,2018,0.0
050100070903,2019,0.0
050100070903,2020,0.0
050100070904,2010,0.007950871
050100070904,2011,0.008171392
050100070904,2012,0.008944506
050100070904,2013,0.008090156
050100070904,2014,0.007656643
050100070904,2015,0.007494035
050100070904,2016,0.007701762
050100070904,2017,0.006945884
050100070904,2018,0.006204721
050100070904,2019,0.006650593
050100070904,2020,0.006620869
050100071001,2010,0.157490306
050100071001,2011,0.160620735
050100071001,2012,0.167396495
050100071001,2013,0.154815101
050100071001,2014,0.156918091
050100071001,2015,0.162421563
050100071001,2016,0.166026532
050100071001,2017,0.151913463
050100071001,2018,0.139323246
050100071001,2019,0.147013837
050100071001,2020,0.144795235
050100071002,2010,0.007560248
050100071002,2011,0.007374861
050100071002,2012,0.009150764
050100071002,2013,0.00831391
050100071002,2014,0.009272154
050100071002,2015,0.00960543
050100071002,2016,0.009756166
050100071002,2017,0.007975872
050100071002,2018,0.007282402
050100071002,2019,0.008061721
050100071002,2020,0.008016086
050100071003,2010,0.000435651
050100071003,2011,0.000438821
050100071003,2012,0.000480462
050100071003,2013,0.000423395
050100071003,2014,0.000388196
050100071003,2015,0.000408146
050100071003,2016,0.000414501
050100071003,2017,0.000383164
050100071003,2018,0.000327815
050100071003,2019,0.000365712
050100071003,2020,0.000352419
050100071004,2010,0.0
050100071004,2011,0.0
050100071004,2012,0.0
050100071004,2013,0.0
050100071004,2014,0.0
050100071004,2015,0.0
050100071004,2016,0.0
050100071004,2017,0.0
050100071004,2018,0.0
050100071004,2019,0.0
050100071004,2020,0.0
050100071005,2010,0.005163822
050100071005,2011,0.005307043
050100071005,2012,0.005809154
050100071005,2013,0.005254283
050100071005,2014,0.004972731
050100071005,2015,0.004867122
050100071005,2016,0.005002034
050100071005,2017,0.004511117
050100071005,2018,0.004029756
050100071005,2019,0.004319335
050100071005,2020,0.00430003
050100071006,2010,0.061572212
050100071006,2011,0.065932736
050100071006,2012,0.068288077
050100071006,2013,0.058563595
050100071006,2014,0.059547965
050100071006,2015,0.061711374
050100071006,2016,0.055006507
050100071006,2017,0.051221957
050100071006,2018,0.045125279
050100071006,2019,0.05113698
050100071006,2020,0.051872105
050100071007,2010,0.0
050100071007,2011,0.0
050100071007,2012,0.0
050100071007,2013,0.0
050100071007,2014,0.0
050100071007,2015,0.0
050100071007,2016,0.0
050100071007,2017,0.0
050100071007,2018,0.0
050100071007,2019,0.0
050100071007,2020,0.0
050100071008,2010,0.018158828
050100071008,2011,0.018655785
050100071008,2012,0.020342965
050100071008,2013,0.018395135
050100071008,2014,0.017401063
050100071008,2015,0.017129649
050100071008,2016,0.017610837
050100071008,2017,0.015904529
050100071008,2018,0.014128073
050100071008,2019,0.015159173
050100071008,2020,0.01508842
050100080101,2010,0.0
050100080101,2011,0.0
050100080101,2012,0.0
050100080101,2013,0.0
050100080101,2014,0.0
050100080101,2015,0.0
050100080101,2016,0.0
050100080101,2017,0.0
050100080101,2018,0.0
050100080101,2019,0.0
050100080101,2020,0.0
050100080102,2010,0.020256746
050100080102,2011,0.015408711
050100080102,2012,0.022258135
050100080102,2013,0.023944863
050100080102,2014,0.018693116
050100080102,2015,0.019059979
050100080102,2016,0.019224739
050100080102,2017,0.016059963
050100080102,2018,0.012796845
050100080102,2019,0.026589751
050100080102,2020,0.020542519
050100080103,2010,0.0
050100080103,2011,0.0
050100080103,2012,0.0
050100080103,2013,0.0
050100080103,2014,0.0
050100080103,2015,0.0
050100080103,2016,0.0
050100080103,2017,0.0
050100080103,2018,0.0
050100080103,2019,0.0
050100080103,2020,0.0
050100080104,2010,0.016609653
050100080104,2011,0.012634475
050100080104,2012,0.018250705
050100080104,2013,0.019633749
050100080104,2014,0.015327544
050100080104,2015,0.015628356
050100080104,2016,0.015763452
050100080104,2017,0.013168473
050100080104,2018,0.010492858
050100080104,2019,0.021802443
050100080104,2020,0.016843975
050100080105,2010,0.030851019
050100080105,2011,0.035316393
050100080105,2012,0.036333726
050100080105,2013,0.030432954
050100080105,2014,0.03068684
050100080105,2015,0.024675858
050100080105,2016,0.029732184
050100080105,2017,0.026081909
050100080105,2018,0.029266485
050100080105,2019,0.04482963
050100080105,2020,0.039011022
050100080106,2010,0.180032098
050100080106,2011,0.195124315
050100080106,2012,0.214776284
050100080106,2013,0.187924235
050100080106,2014,0.18922982
050100080106,2015,0.135747997
050100080106,2016,0.140203979
050100080106,2017,0.131782771
050100080106,2018,0.116724028
050100080106,2019,0.188479945
050100080106,2020,0.183079179
050100080107,2010,0.0
050100080107,2011,0.0
050100080107,2012,0.0
050100080107,2013,0.0
050100080107,2014,0.0
050100080107,2015,0.0
050100080107,2016,0.0
050100080107,2017,0.0
050100080107,2018,0.0
050100080107,2019,0.0
050100080107,2020,0.0
050100080108,2010,0.000187448
050100080108,2011,0.000190984
050100080108,2012,0.000214576
050100080108,2013,0.00019764
050100080108,2014,0.000166878
050100080108,2015,0.000174013
050100080108,2016,0.000197628
050100080108,2017,0.000168101
050100080108,2018,0.000132019
050100080108,2019,0.000146369
050100080108,2020,0.000176978
050100080201,2010,0.0
050100080201,2011,0.0
050100080201,2012,0.0
050100080201,2013,0.0
050100080201,2014,0.0
050100080201,2015,0.0
050100080201,2016,0.0
050100080201,2017,0.0
050100080201,2018,0.0
050100080201,2019,0.0
050100080201,2020,0.0
050100080202,2010,0.016321539
050100080202,2011,0.016701303
050100080202,2012,0.018985664
050100080202,2013,0.016229355
050100080202,2014,0.016778945
050100080202,2015,0.015414695
050100080202,2016,0.016235605
050100080202,2017,0.015706893
050100080202,2018,0.01417537
050100080202,2019,0.015951857
050100080202,2020,0.016064666
050100080203,2010,0.025860235
050100080203,2011,0.026456579
050100080203,2012,0.030068134
050100080203,2013,0.025717884
050100080203,2014,0.026558279
050100080203,2015,0.024400213
050100080203,2016,0.025709554
050100080203,2017,0.024850681
050100080203,2018,0.02240869
050100080203,2019,0.02524304
050100080203,2020,0.025411852
050100080204,2010,0.006187498
050100080204,2011,0.006317102
050100080204,2012,0.007143494
050100080204,2013,0.006223928
050100080204,2014,0.006077029
050100080204,2015,0.005631251
050100080204,2016,0.006178913
050100080204,2017,0.005755864
050100080204,2018,0.005333624
050100080204,2019,0.00575653
050100080204,2020,0.005756503
050100080205,2010,0.19936325
050100080205,2011,0.204001965
050100080205,2012,0.231904828
050100080205,2013,0.19823725
050100080205,2014,0.204950344
050100080205,2015,0.188286397
050100080205,2016,0.198313584
050100080205,2017,0.191855509
050100080205,2018,0.173148368
050100080205,2019,0.194847689
050100080205,2020,0.196225614
050100090101,2010,0.000285348
050100090101,2011,0.000271466
050100090101,2012,0.000300063
050100090101,2013,0.000389309
050100090101,2014,0.000264841
050100090101,2015,0.000258008
050100090101,2016,0.000266084
050100090101,2017,0.000288886
050100090101,2018,0.000251395
050100090101,2019,0.000262388
050100090101,2020,0.000248133
050100090102,2010,0.018926264
050100090102,2011,0.021381031
050100090102,2012,0.021569743
050100090102,2013,0.021710864
050100090102,2014,0.025304063
050100090102,2015,0.024378834
050100090102,2016,0.026747864
050100090102,2017,0.02591914
050100090102,2018,0.01611768
050100090102,2019,0.017866128
050100090102,2020,0.017093062
050100090103,2010,0.000324052
050100090103,2011,0.000325865
050100090103,2012,0.000365062
050100090103,2013,0.000333591
050100090103,2014,0.000310565
050100090103,2015,0.00030446
050100090103,2016,0.0003105
050100090103,2017,0.000296583
050100090103,2018,0.000260828
050100090103,2019,0.000281059
050100090103,2020,0.000279904
050100090104,2010,0.00151327
050100090104,2011,0.001550925
050100090104,2012,0.001719822
050100090104,2013,0.001574385
050100090104,2014,0.001506708
050100090104,2015,0.001478224
050100090104,2016,0.001531926
050100090104,2017,0.001594791
050100090104,2018,0.001352423
050100090104,2019,0.0011363
050100090104,2020,0.001837058
050100090105,2010,0.011955658
050100090105,2011,0.012101354
050100090105,2012,0.01386095
050100090105,2013,0.013230316
050100090105,2014,0.012186213
050100090105,2015,0.012694019
050100090105,2016,0.012461199
050100090105,2017,0.011745106
050100090105,2018,0.010734507
050100090105,2019,0.010333099
050100090105,2020,0.010439909
050100090201,2010,0.151429833
050100090201,2011,0.125911669
050100090201,2012,0.144488919
050100090201,2013,0.136116326
050100090201,2014,0.137932954
050100090201,2015,0.111544393
050100090201,2016,0.113718015
050100090201,2017,0.111768919
050100090201,2018,0.110492839
050100090201,2019,0.141685003
050100090201,2020,0.140211673
050100090202,2010,0.670402291
050100090202,2011,0.674218206
050100090202,2012,0.7340706
050100090202,2013,0.673575624
050100090202,2014,0.676048532
050100090202,2015,0.649406145
050100090202,2016,0.686236604
050100090202,2017,0.636134605
050100090202,2018,0.563640939
050100090202,2019,0.620878986
050100090202,2020,0.591718563
050100090301,2010,0.020930507
050100090301,2011,0.024485223
050100090301,2012,0.028686074
050100090301,2013,0.027577291
050100090301,2014,0.026877745
050100090301,2015,0.027568305
050100090301,2016,0.026959545
050100090301,2017,0.033985922
050100090301,2018,0.0308743
050100090301,2019,0.032062283
050100090301,2020,0.025061872
050100090302,2010,0.220126607
050100090302,2011,0.223433241
050100090302,2012,0.250728334
050100090302,2013,0.228404513
050100090302,2014,0.211145638
050100090302,2015,0.209154311
050100090302,2016,0.219913863
050100090302,2017,0.2080987
050100090302,2018,0.181719556
050100090302,2019,0.204807292
050100090302,2020,0.206554554
050100090303,2010,0.162377556
050100090303,2011,0.161835904
050100090303,2012,0.183575672
050100090303,2013,0.163867401
050100090303,2014,0.155954813
050100090303,2015,0.153881558
050100090303,2016,0.170040912
050100090303,2017,0.151184711
050100090303,2018,0.134095692
050100090303,2019,0.146626418
050100090303,2020,0.141719049
050100090304,2010,0.430203473
050100090304,2011,0.441647018
050100090304,2012,0.495373026
050100090304,2013,0.453720327
050100090304,2014,0.423644922
050100090304,2015,0.423643835
050100090304,2016,0.445818781
050100090304,2017,0.433587416
050100090304,2018,0.381891757
050100090304,2019,0.414347122
050100090304,2020,0.40460852
050100090305,2010,0.212371741
050100090305,2011,0.215911148
050100090305,2012,0.245997009
050100090305,2013,0.212351607
050100090305,2014,0.213601847
050100090305,2015,0.200292638
050100090305,2016,0.214263494
050100090305,2017,0.200777043
050100090305,2018,0.17929777
050100090305,2019,0.199615708
050100090305,2020,0.199416681
050100090306,2010,0.033144732
050100090306,2011,0.031849862
050100090306,2012,0.036616193
050100090306,2013,0.031308449
050100090306,2014,0.038116676
050100090306,2015,0.035906711
050100090306,2016,0.036678723
050100090306,2017,0.035902254
050100090306,2018,0.031996334
050100090306,2019,0.035137776
050100090306,2020,0.036702198
050100090307,2010,0.151953307
050100090307,2011,0.128515064
050100090307,2012,0.148219972
050100090307,2013,0.137025878
050100090307,2014,0.144791162
050100090307,2015,0.120444653
050100090307,2016,0.122583724
050100090307,2017,0.121085162
050100090307,2018,0.11735263
050100090307,2019,0.146453099
050100090307,2020,0.147056438
050100090308,2010,0.718057072
050100090308,2011,0.688078428
050100090308,2012,0.792772625
050100090308,2013,0.684874914
050100090308,2014,0.812447513
050100090308,2015,0.769035459
050100090308,2016,0.790345172
050100090308,2017,0.776053455
050100090308,2018,0.689146594
050100090308,2019,0.758464759
050100090308,2020,0.78785594
050200030309,2010,0.073350217
050200030309,2011,0.073212948
050200030309,2012,0.083745776
050200030309,2013,0.07502602
050200030309,2014,0.079639775
050200030309,2015,0.074331679
050200030309,2016,0.078499771
050200030309,2017,0.076512792
050200030309,2018,0.068061555
050200030309,2019,0.077409798
050200030309,2020,0.075133705
050200040601,2010,0.0
050200040601,2011,0.0
050200040601,2012,0.0
050200040601,2013,0.0
050200040601,2014,0.0
050200040601,2015,0.0
050200040601,2016,0.0
050200040601,2017,0.0
050200040601,2018,0.0
050200040601,2019,0.0
050200040601,2020,0.0
050200040602,2010,0.0
050200040602,2011,0.0
050200040602,2012,0.0
050200040602,2013,0.0
050200040602,2014,0.0
050200040602,2015,0.0
050200040602,2016,0.0
050200040602,2017,0.0
050200040602,2018,0.0
050200040602,2019,0.0
050200040602,2020,0.0
050200040604,2010,0.004172159
050200040604,2011,0.004641791
050200040604,2012,0.00455866
050200040604,2013,0.003520592
050200040604,2014,0.003798936
050200040604,2015,0.003916576
050200040604,2016,0.001832579
050200040604,2017,0.001282135
050200040604,2018,0.00141286
050200040604,2019,0.001810457
050200040604,2020,0.001878262
050200040605,2010,0.0
050200040605,2011,0.0
050200040605,2012,0.0
050200040605,2013,0.0
050200040605,2014,0.0
050200040605,2015,0.0
050200040605,2016,0.0
050200040605,2017,0.0
050200040605,2018,0.0
050200040605,2019,0.0
050200040605,2020,0.0
050200040707,2010,0.164728447
050200040707,2011,0.162548223
050200040707,2012,0.186008656
050200040707,2013,0.168543239
050200040707,2014,0.181801098
050200040707,2015,0.167971107
050200040707,2016,0.175928021
050200040707,2017,0.169105274
050200040707,2018,0.152868372
050200040707,2019,0.174103777
050200040707,2020,0.167948144
050200050101,2010,0.0
050200050101,2011,0.0
050200050101,2012,0.0
050200050101,2013,0.0
050200050101,2014,0.0
050200050101,2015,0.0
050200050101,2016,0.0
050200050101,2017,0.0
050200050101,2018,0.0
050200050101,2019,0.0
050200050101,2020,0.0
050200050102,2010,0.0
050200050102,2011,0.0
050200050102,2012,0.0
050200050102,2013,0.0
050200050102,2014,0.0
050200050102,2015,0.0
050200050102,2016,0.0
050200050102,2017,0.0
050200050102,2018,0.0
050200050102,2019,0.0
050200050102,2020,0.0
050200050103,2010,0.0
050200050103,2011,0.0
050200050103,2012,0.0
050200050103,2013,0.0
050200050103,2014,0.0
050200050103,2015,0.0
050200050103,2016,0.0
050200050103,2017,0.0
050200050103,2018,0.0
050200050103,2019,0.0
050200050103,2020,0.0
050200050104,2010,0.0
050200050104,2011,0.0
050200050104,2012,0.0
050200050104,2013,0.0
050200050104,2014,0.0
050200050104,2015,0.0
050200050104,2016,0.0
050200050104,2017,0.0
050200050104,2018,0.0
050200050104,2019,0.0
050200050104,2020,0.0
050200050105,2010,0.011444303
050200050105,2011,0.01127152
050200050105,2012,0.012899195
050200050105,2013,0.011709915
050200050105,2014,0.012663967
050200050105,2015,0.011681407
050200050105,2016,0.012218221
050200050105,2017,0.011717343
050200050105,2018,0.010620533
050200050105,2019,0.012098584
050200050105,2020,0.011659042
050200050107,2010,0.0
050200050107,2011,0.0
050200050107,2012,0.0
050200050107,2013,0.0
050200050107,2014,0.0
050200050107,2015,0.0
050200050107,2016,0.0
050200050107,2017,0.0
050200050107,2018,0.0
050200050107,2019,0.0
050200050107,2020,0.0
050200050108,2010,0.01144422
050200050108,2011,0.011294913
050200050108,2012,0.013134495
050200050108,2013,0.011206045
050200050108,2014,0.009218613
050200050108,2015,0.008981181
050200050108,2016,0.003921938
050200050108,2017,0.008583917
050200050108,2018,0.009521435
050200050108,2019,0.009026231
050200050108,2020,0.010967241
050200050109,2010,0.110260662
050200050109,2011,0.108822147
050200050109,2012,0.12654581
050200050109,2013,0.107965937
050200050109,2014,0.088817789
050200050109,2015,0.086530228
050200050109,2016,0.037786361
050200050109,2017,0.082702735
050200050109,2018,0.091735369
050200050109,2019,0.086964265
050200050109,2020,0.105665146
050200050201,2010,0.0
050200050201,2011,0.0
050200050201,2012,0.0
050200050201,2013,0.0
050200050201,2014,0.0
050200050201,2015,0.0
050200050201,2016,0.0
050200050201,2017,0.0
050200050201,2018,0.0
050200050201,2019,0.0
050200050201,2020,0.0
050200050202,2010,0.0
050200050202,2011,0.0
050200050202,2012,0.0
050200050202,2013,0.0
050200050202,2014,0.0
050200050202,2015,0.0
050200050202,2016,0.0
050200050202,2017,0.0
050200050202,2018,0.0
050200050202,2019,0.0
050200050202,2020,0.0
050200050203,2010,0.031706392
050200050203,2011,0.03128196
050200050203,2012,0.034902961
050200050203,2013,0.031488832
050200050203,2014,0.029866102
050200050203,2015,0.031279673
050200050203,2016,0.032056763
050200050203,2017,0.031559911
050200050203,2018,0.025649946
050200050203,2019,0.031486835
050200050203,2020,0.030304187
050200050301,2010,0.0
050200050301,2011,0.0
050200050301,2012,0.0
050200050301,2013,0.0
050200050301,2014,0.0
050200050301,2015,0.0
050200050301,2016,0.0
050200050301,2017,0.0
050200050301,2018,0.0
050200050301,2019,0.0
050200050301,2020,0.0
050200050302,2010,0.0
050200050302,2011,0.0
050200050302,2012,0.0
050200050302,2013,0.0
050200050302,2014,0.0
050200050302,2015,0.0
050200050302,2016,0.0
050200050302,2017,0.0
050200050302,2018,0.0
050200050302,2019,0.0
050200050302,2020,0.0
050200050303,2010,0.0
050200050303,2011,0.0
050200050303,2012,0.0
050200050303,2013,0.0
050200050303,2014,0.0
050200050303,2015,0.0
050200050303,2016,0.0
050200050303,2017,0.0
050200050303,2018,0.0
050200050303,2019,0.0
050200050303,2020,0.0
050200050304,2010,0.003521299
050200050304,2011,0.003475358
050200050304,2012,0.004041383
050200050304,2013,0.003448014
050200050304,2014,0.002836496
050200050304,2015,0.00276344
050200050304,2016,0.00120675
050200050304,2017,0.002641205
050200050304,2018,0.002929672
050200050304,2019,0.002777302
050200050304,2020,0.003374536
050200050305,2010,0.299310381
050200050305,2011,0.295405428
050200050305,2012,0.343517568
050200050305,2013,0.293081187
050200050305,2014,0.241102181
050200050305,2015,0.234892436
050200050305,2016,0.102573753
050200050305,2017,0.224502434
050200050305,2018,0.249022158
050200050305,2019,0.23607066
050200050305,2020,0.286835525
050200050306,2010,0.0
050200050306,2011,0.0
050200050306,2012,0.0
050200050306,2013,0.0
050200050306,2014,0.0
050200050306,2015,0.0
050200050306,2016,0.0
050200050306,2017,0.0
050200050306,2018,0.0
050200050306,2019,0.0
050200050306,2020,0.0
050200050307,2010,0.0
050200050307,2011,0.0
050200050307,2012,0.0
050200050307,2013,0.0
050200050307,2014,0.0
050200050307,2015,0.0
050200050307,2016,0.0
050200050307,2017,0.0
050200050307,2018,0.0
050200050307,2019,0.0
050200050307,2020,0.0
050200050401,2010,0.0
050200050401,2011,0.0
050200050401,2012,0.0
050200050401,2013,0.0
050200050401,2014,0.0
050200050401,2015,0.0
050200050401,2016,0.0
050200050401,2017,0.0
050200050401,2018,0.0
050200050401,2019,0.0
050200050401,2020,0.0
050200050402,2010,0.0
050200050402,2011,0.0
050200050402,2012,0.0
050200050402,2013,0.0
050200050402,2014,0.0
050200050402,2015,0.0
050200050402,2016,0.0
050200050402,2017,0.0
050200050402,2018,0.0
050200050402,2019,0.0
050200050402,2020,0.0
050200050403,2010,0.0
050200050403,2011,0.0
050200050403,2012,0.0
050200050403,2013,0.0
050200050403,2014,0.0
050200050403,2015,0.0
050200050403,2016,0.0
050200050403,2017,0.0
050200050403,2018,0.0
050200050403,2019,0.0
050200050403,2020,0.0
050200050404,2010,1.621e-05
050200050404,2011,1.5635e-05
050200050404,2012,1.7047e-05
050200050404,2013,1.9492e-05
050200050404,2014,1.7445e-05
050200050404,2015,1.8744e-05
050200050404,2016,2.0809e-05
050200050404,2017,2.29e-05
050200050404,2018,2.3291e-05
050200050404,2019,3.4209e-05
050200050404,2020,3.2584e-05
050200050405,2010,0.00421451
050200050405,2011,0.004065168
050200050405,2012,0.004432178
050200050405,2013,0.00506791
050200050405,2014,0.004535793
050200050405,2015,0.00487334
050200050405,2016,0.00541039
050200050405,2017,0.00595395
050200050405,2018,0.006055585
050200050405,2019,0.008894365
050200050405,2020,0.008471776
050200050501,2010,0.0
050200050501,2011,0.0
050200050501,2012,0.0
050200050501,2013,0.0
050200050501,2014,0.0
050200050501,2015,0.0
050200050501,2016,0.0
050200050501,2017,0.0
050200050501,2018,0.0
050200050501,2019,0.0
050200050501,2020,0.0
050200050502,2010,0.004732476
050200050502,2011,0.004689835
050200050502,2012,0.005274541
050200050502,2013,0.004538799
050200050502,2014,0.004300417
050200050502,2015,0.004232522
050200050502,2016,0.004692441
050200050502,2017,0.004050128
050200050502,2018,0.003992523
050200050502,2019,0.004084123
050200050502,2020,0.003991074
050200050503,2010,0.053250767
050200050503,2011,0.057214732
050200050503,2012,0.064737924
050200050503,2013,0.055788736
050200050503,2014,0.05464863
050200050503,2015,0.055652253
050200050503,2016,0.061060053
050200050503,2017,0.053669364
050200050503,2018,0.051607572
050200050503,2019,0.05337466
050200050503,2020,0.050887018
050200050504,2010,0.041228927
050200050504,2011,0.039122561
050200050504,2012,0.044972296
050200050504,2013,0.042395369
050200050504,2014,0.042179436
050200050504,2015,0.043421059
050200050504,2016,0.045203746
050200050504,2017,0.039332849
050200050504,2018,0.033628911
050200050504,2019,0.036831167
050200050504,2020,0.043518597
050200050505,2010,0.0
050200050505,2011,0.0
050200050505,2012,0.0
050200050505,2013,0.0
050200050505,2014,0.0
050200050505,2015,0.0
050200050505,2016,0.0
050200050505,2017,0.0
050200050505,2018,0.0
050200050505,2019,0.0
050200050505,2020,0.0
050200050506,2010,0.053958186
050200050506,2011,0.055933044
050200050506,2012,0.06305114
050200050506,2013,0.054471276
050200050506,2014,0.052073443
050200050506,2015,0.052361142
050200050506,2016,0.055398417
050200050506,2017,0.050258279
050200050506,2018,0.047466036
050200050506,2019,0.048871927
050200050506,2020,0.044540408
050200050507,2010,0.150654693
050200050507,2011,0.154377388
050200050507,2012,0.177000826
050200050507,2013,0.154228093
050200050507,2014,0.138068555
050200050507,2015,0.141265594
050200050507,2016,0.148151042
050200050507,2017,0.140665369
050200050507,2018,0.122485386
050200050507,2019,0.133070584
050200050507,2020,0.106906265
050200050601,2010,0.135459743
050200050601,2011,0.13505911
050200050601,2012,0.149142859
050200050601,2013,0.133715592
050200050601,2014,0.13279619
050200050601,2015,0.139621265
050200050601,2016,0.138428434
050200050601,2017,0.148210503
050200050601,2018,0.157524994
050200050601,2019,0.189991322
050200050601,2020,0.227513001
050200050602,2010,0.0
050200050602,2011,0.0
050200050602,2012,0.0
050200050602,2013,0.0
050200050602,2014,0.0
050200050602,2015,0.0
050200050602,2016,0.0
050200050602,2017,0.0
050200050602,2018,0.0
050200050602,2019,0.0
050200050602,2020,0.0
050200050701,2010,0.506352973
050200050701,2011,0.516980532
050200050701,2012,0.587656429
050200050701,2013,0.504514013
050200050701,2014,0.518930996
050200050701,2015,0.478056512
050200050701,2016,0.500672341
050200050701,2017,0.480599817
050200050701,2018,0.4337796
050200050701,2019,0.490034491
050200050701,2020,0.493022127
050200050702,2010,0.21509096
050200050702,2011,0.219459806
050200050702,2012,0.249457467
050200050702,2013,0.214438577
050200050702,2014,0.220230525
050200050702,2015,0.203050509
050200050702,2016,0.212297645
050200050702,2017,0.20330821
050200050702,2018,0.183507134
050200050702,2019,0.207547381
050200050702,2020,0.208751887
050200050703,2010,0.173312276
050200050703,2011,0.174908441
050200050703,2012,0.1987573
050200050703,2013,0.174488669
050200050703,2014,0.174765417
050200050703,2015,0.163338937
050200050703,2016,0.166035538
050200050703,2017,0.152673622
050200050703,2018,0.137874246
050200050703,2019,0.159148661
050200050703,2020,0.159265452
050200050704,2010,0.498086484
050200050704,2011,0.498744025
050200050704,2012,0.566625929
050200050704,2013,0.504943602
050200050704,2014,0.496772522
050200050704,2015,0.468869158
050200050704,2016,0.466908706
050200050704,2017,0.416011125
050200050704,2018,0.375838988
050200050704,2019,0.4408681
050200050704,2020,0.439460058
050200050801,2010,0.043598268
050200050801,2011,0.043298271
050200050801,2012,0.051324632
050200050801,2013,0.046657954
050200050801,2014,0.045584084
050200050801,2015,0.046975252
050200050801,2016,0.047656985
050200050801,2017,0.044899287
050200050801,2018,0.039904612
050200050801,2019,0.043243189
050200050801,2020,0.035785208
050200050802,2010,0.204777486
050200050802,2011,0.207212424
050200050802,2012,0.234071501
050200050802,2013,0.209176634
050200050802,2014,0.216401183
050200050802,2015,0.220430213
050200050802,2016,0.227526182
050200050802,2017,0.19735511
050200050802,2018,0.195213062
050200050802,2019,0.199203095
050200050802,2020,0.187390762
050200050803,2010,0.217942121
050200050803,2011,0.220707938
050200050803,2012,0.254472456
050200050803,2013,0.228026426
050200050803,2014,0.241963439
050200050803,2015,0.243625914
050200050803,2016,0.25085667
050200050803,2017,0.222465954
050200050803,2018,0.219773599
050200050803,2019,0.222043447
050200050803,2020,0.21501925
050200050804,2010,0.066617537
050200050804,2011,0.067462953
050200050804,2012,0.077783625
050200050804,2013,0.069699967
050200050804,2014,0.073960041
050200050804,2015,0.074468203
050200050804,2016,0.076678401
050200050804,2017,0.068000319
050200050804,2018,0.067177357
050200050804,2019,0.067871173
050200050804,2020,0.065724114
050200050805,2010,0.006292862
050200050805,2011,0.006372722
050200050805,2012,0.007347639
050200050805,2013,0.006584036
050200050805,2014,0.006986453
050200050805,2015,0.007034456
050200050805,2016,0.007243237
050200050805,2017,0.006423483
050200050805,2018,0.006345744
050200050805,2019,0.006411283
050200050805,2020,0.006208467
050200050806,2010,1.121737403
050200050806,2011,1.088540306
050200050806,2012,1.321122358
050200050806,2013,1.058558241
050200050806,2014,1.103094142
050200050806,2015,1.127828753
050200050806,2016,1.116955011
050200050806,2017,1.087521073
050200050806,2018,0.961902471
050200050806,2019,0.733439108
050200050806,2020,0.734293465
050200050807,2010,0.455337765
050200050807,2011,0.445178676
050200050807,2012,0.530964429
050200050807,2013,0.437153469
050200050807,2014,0.453729197
050200050807,2015,0.461688378
050200050807,2016,0.46017604
050200050807,2017,0.440568406
050200050807,2018,0.39399806
050200050807,2019,0.32637726
050200050807,2020,0.324723731
050200050808,2010,2.346866679
050200050808,2011,2.296678254
050200050808,2012,2.673459625
050200050808,2013,2.277139646
050200050808,2014,2.406508097
050200050808,2015,2.357776694
050200050808,2016,2.331538891
050200050808,2017,2.207972182
050200050808,2018,1.965119383
050200050808,2019,1.927209585
050200050808,2020,1.949977063
050200060303,2010,0.0
050200060303,2011,0.0
050200060303,2012,0.0
050200060303,2013,0.0
050200060303,2014,0.0
050200060303,2015,0.0
050200060303,2016,0.0
050200060303,2017,0.0
050200060303,2018,0.0
050200060303,2019,0.0
050200060303,2020,0.0
050200060304,2010,0.000244443
050200060304,2011,0.000245114
050200060304,2012,0.000246598
050200060304,2013,0.00022749
050200060304,2014,0.000218177
050200060304,2015,0.000257205
050200060304,2016,0.000343488
050200060304,2017,0.000333965
050200060304,2018,0.000294251
050200060304,2019,0.000315727
050200060304,2020,0.000289977
050200060305,2010,0.003328774
050200060305,2011,0.003890887
050200060305,2012,0.004196408
050200060305,2013,0.003698185
050200060305,2014,0.003395953
050200060305,2015,0.003957158
050200060305,2016,0.004613557
050200060305,2017,0.004184428
050200060305,2018,0.00388229
050200060305,2019,0.004227771
050200060305,2020,0.003969591
050200060402,2010,0.006553597
050200060402,2011,0.00842674
050200060402,2012,0.009517132
050200060402,2013,0.008201622
050200060402,2014,0.008039212
050200060402,2015,0.00811333
050200060402,2016,0.008619346
050200060402,2017,0.008359891
050200060402,2018,0.006396567
050200060402,2019,0.008427491
050200060402,2020,0.008618216
050200060403,2010,0.0
050200060403,2011,0.0
050200060403,2012,0.0
050200060403,2013,0.0
050200060403,2014,0.0
050200060403,2015,0.0
050200060403,2016,0.0
050200060403,2017,0.0
050200060403,2018,0.0
050200060403,2019,0.0
050200060403,2020,0.0
050200060404,2010,0.0
050200060404,2011,0.0
050200060404,2012,0.0
050200060404,2013,0.0
050200060404,2014,0.0
050200060404,2015,0.0
050200060404,2016,0.0
050200060404,2017,0.0
050200060404,2018,0.0
050200060404,2019,0.0
050200060404,2020,0.0
050200060405,2010,0.008100211
050200060405,2011,0.008024175
050200060405,2012,0.008546291
050200060405,2013,0.007221932
050200060405,2014,0.007489672
050200060405,2015,0.007017261
050200060405,2016,0.007081297
050200060405,2017,0.006276233
050200060405,2018,0.005532922
050200060405,2019,0.00717062
050200060405,2020,0.007120481
050200060406,2010,0.006389203
050200060406,2011,0.006108533
050200060406,2012,0.007137023
050200060406,2013,0.006063001
050200060406,2014,0.005923779
050200060406,2015,0.006163351
050200060406,2016,0.006338211
050200060406,2017,0.005824222
050200060406,2018,0.005094843
050200060406,2019,0.005549346
050200060406,2020,0.005741671
050200060501,2010,0.040015385
050200060501,2011,0.044418391
050200060501,2012,0.045647077
050200060501,2013,0.040999947
050200060501,2014,0.035336998
050200060501,2015,0.040315753
050200060501,2016,0.044410976
050200060501,2017,0.046752426
050200060501,2018,0.03096403
050200060501,2019,0.055621962
050200060501,2020,0.047961825
050200060502,2010,0.00676328
050200060502,2011,0.007301422
050200060502,2012,0.006676365
050200060502,2013,0.005947162
050200060502,2014,0.005486143
050200060502,2015,0.005609659
050200060502,2016,0.00586615
050200060502,2017,0.006029868
050200060502,2018,0.005004643
050200060502,2019,0.006682282
050200060502,2020,0.006292994
050200060601,2010,0.002858801
050200060601,2011,0.002931213
050200060601,2012,0.003178138
050200060601,2013,0.003221668
050200060601,2014,0.003084718
050200060601,2015,0.003188442
050200060601,2016,0.003058257
050200060601,2017,0.002856088
050200060601,2018,0.002589893
050200060601,2019,0.002205318
050200060601,2020,0.003023617
050200060602,2010,0.001502653
050200060602,2011,0.00208906
050200060602,2012,0.001675741
050200060602,2013,0.001192426
050200060602,2014,0.001174119
050200060602,2015,0.000449382
050200060602,2016,0.000447724
050200060602,2017,0.000420323
050200060602,2018,0.000390226
050200060602,2019,0.000464127
050200060602,2020,0.000613878
050200060603,2010,0.000437692
050200060603,2011,0.000442808
050200060603,2012,0.000512073
050200060603,2013,0.000437435
050200060603,2014,0.000377866
050200060603,2015,0.000509155
050200060603,2016,0.000556015
050200060603,2017,0.000435817
050200060603,2018,0.000455196
050200060603,2019,0.000480357
050200060603,2020,0.000443031
050200060701,2010,0.012736783
050200060701,2011,0.012177272
050200060701,2012,0.014227551
050200060701,2013,0.012086504
050200060701,2014,0.011808967
050200060701,2015,0.012286551
050200060701,2016,0.01263513
050200060701,2017,0.011610501
050200060701,2018,0.010156494
050200060701,2019,0.01106254
050200060701,2020,0.011445938
050200060702,2010,0.0
050200060702,2011,0.0
050200060702,2012,0.0
050200060702,2013,0.0
050200060702,2014,0.0
050200060702,2015,0.0
050200060702,2016,0.0
050200060702,2017,0.0
050200060702,2018,0.0
050200060702,2019,0.0
050200060702,2020,0.0
050200060703,2010,0.017281212
050200060703,2011,0.020842861
050200060703,2012,0.018900649
050200060703,2013,0.01688579
050200060703,2014,0.016298565
050200060703,2015,0.015616312
050200060703,2016,0.015050925
050200060703,2017,0.013192587
050200060703,2018,0.011261896
050200060703,2019,0.012212349
050200060703,2020,0.012613174
050200060704,2010,0.010415382
050200060704,2011,0.011262957
050200060704,2012,0.009442586
050200060704,2013,0.006905145
050200060704,2014,0.00730193
050200060704,2015,0.007271855
050200060704,2016,0.008193877
050200060704,2017,0.006115207
050200060704,2018,0.004646077
050200060704,2019,0.004531451
050200060704,2020,0.005356392
050200060705,2010,0.0
050200060705,2011,0.0
050200060705,2012,0.0
050200060705,2013,0.0
050200060705,2014,0.0
050200060705,2015,0.0
050200060705,2016,0.0
050200060705,2017,0.0
050200060705,2018,0.0
050200060705,2019,0.0
050200060705,2020,0.0
050200060706,2010,0.006156653
050200060706,2011,0.007007009
050200060706,2012,0.005670765
050200060706,2013,0.005093842
050200060706,2014,0.004815772
050200060706,2015,0.004562731
050200060706,2016,0.004490815
050200060706,2017,0.004618572
050200060706,2018,0.004536359
050200060706,2019,0.004847269
050200060706,2020,0.00488214
050200060707,2010,0.0
050200060707,2011,0.0
050200060707,2012,0.0
050200060707,2013,0.0
050200060707,2014,0.0
050200060707,2015,0.0
050200060707,2016,0.0
050200060707,2017,0.0
050200060707,2018,0.0
050200060707,2019,0.0
050200060707,2020,0.0
050200060708,2010,0.0
050200060708,2011,0.0
050200060708,2012,0.0
050200060708,2013,0.0
050200060708,2014,0.0
050200060708,2015,0.0
050200060708,2016,0.0
050200060708,2017,0.0
050200060708,2018,0.0
050200060708,2019,0.0
050200060708,2020,0.0
050200060709,2010,0.005961667
050200060709,2011,0.006031346
050200060709,2012,0.006974789
050200060709,2013,0.005958165
050200060709,2014,0.005146794
050200060709,2015,0.006935047
050200060709,2016,0.007573312
050200060709,2017,0.005936128
050200060709,2018,0.006200083
050200060709,2019,0.006542787
050200060709,2020,0.006034383
050200060801,2010,0.0
050200060801,2011,0.0
050200060801,2012,0.0
050200060801,2013,0.0
050200060801,2014,0.0
050200060801,2015,0.0
050200060801,2016,0.0
050200060801,2017,0.0
050200060801,2018,0.0
050200060801,2019,0.0
050200060801,2020,0.0
050200060802,2010,0.000109284
050200060802,2011,0.000151932
050200060802,2012,0.000121872
050200060802,2013,8.6722e-05
050200060802,2014,8.5391e-05
050200060802,2015,3.2682e-05
050200060802,2016,3.2562e-05
050200060802,2017,3.0569e-05
050200060802,2018,2.838e-05
050200060802,2019,3.3755e-05
050200060802,2020,4.4646e-05
050200060803,2010,0.0
050200060803,2011,0.0
050200060803,2012,0.0
050200060803,2013,0.0
050200060803,2014,0.0
050200060803,2015,0.0
050200060803,2016,0.0
050200060803,2017,0.0
050200060803,2018,0.0
050200060803,2019,0.0
050200060803,2020,0.0
050200060901,2010,0.0
050200060901,2011,0.0
050200060901,2012,0.0
050200060901,2013,0.0
050200060901,2014,0.0
050200060901,2015,0.0
050200060901,2016,0.0
050200060901,2017,0.0
050200060901,2018,0.0
050200060901,2019,0.0
050200060901,2020,0.0
050200060902,2010,7.5464e-05
050200060902,2011,7.6346e-05
050200060902,2012,8.8288e-05
050200060902,2013,7.542e-05
050200060902,2014,6.5149e-05
050200060902,2015,8.7785e-05
050200060902,2016,9.5865e-05
050200060902,2017,7.5141e-05
050200060902,2018,7.8482e-05
050200060902,2019,8.282e-05
050200060902,2020,7.6385e-05
050200060903,2010,0.007486005
050200060903,2011,0.007463865
050200060903,2012,0.008242185
050200060903,2013,0.007389617
050200060903,2014,0.007338807
050200060903,2015,0.007715986
050200060903,2016,0.007650066
050200060903,2017,0.008190659
050200060903,2018,0.008705412
050200060903,2019,0.010499621
050200060903,2020,0.012573208
050200060904,2010,0.048464358
050200060904,2011,0.048317191
050200060904,2012,0.053350565
050200060904,2013,0.047858018
050200060904,2014,0.047514811
050200060904,2015,0.049958128
050200060904,2016,0.049540483
050200060904,2017,0.053018233
050200060904,2018,0.056369209
050200060904,2019,0.06801906
050200060904,2020,0.081385416
050200060905,2010,0.039013723
050200060905,2011,0.038307009
050200060905,2012,0.041519706
050200060905,2013,0.041240207
050200060905,2014,0.038773081
050200060905,2015,0.040964663
050200060905,2016,0.042029297
050200060905,2017,0.041443143
050200060905,2018,0.046976582
050200060905,2019,0.061599306
050200060905,2020,0.063447285
050200060906,2010,0.006459588
050200060906,2011,0.006440483
050200060906,2012,0.007112086
050200060906,2013,0.006376415
050200060906,2014,0.006332572
050200060906,2015,0.006658036
050200060906,2016,0.006601154
050200060906,2017,0.007067626
050200060906,2018,0.0075118
050200060906,2019,0.009060002
050200060906,2020,0.010849276
050200061001,2010,0.073671928
050200061001,2011,0.091542521
050200061001,2012,0.084280809
050200061001,2013,0.065587374
050200061001,2014,0.065981076
050200061001,2015,0.065921216
050200061001,2016,0.095418159
050200061001,2017,0.077763623
050200061001,2018,0.109715353
050200061001,2019,0.160090508
050200061001,2020,0.126393993
050200061002,2010,0.07173991
050200061002,2011,0.090200106
050200061002,2012,0.082432063
050200061002,2013,0.063119618
050200061002,2014,0.06384288
050200061002,2015,0.063550349
050200061002,2016,0.093720606
050200061002,2017,0.075734768
050200061002,2018,0.107927911
050200061002,2019,0.158056844
050200061002,2020,0.123498434
050200061101,2010,0.21242646
050200061101,2011,0.227509991
050200061101,2012,0.24648563
050200061101,2013,0.206265188
050200061101,2014,0.212396027
050200061101,2015,0.198085042
050200061101,2016,0.22481132
050200061101,2017,0.2084711
050200061101,2018,0.212046721
050200061101,2019,0.260727259
050200061101,2020,0.241024551
050200061102,2010,0.042351719
050200061102,2011,0.053249711
050200061102,2012,0.04866384
050200061102,2013,0.037262722
050200061102,2014,0.0376897
050200061102,2015,0.037517004
050200061102,2016,0.055328042
050200061102,2017,0.044710087
050200061102,2018,0.063715337
050200061102,2019,0.093308996
050200061102,2020,0.072907409
050200061103,2010,0.019892505
050200061103,2011,0.024729848
050200061103,2012,0.022874352
050200061103,2013,0.017639901
050200061103,2014,0.017868817
050200061103,2015,0.017692104
050200061103,2016,0.025612724
050200061103,2017,0.020887991
050200061103,2018,0.029162328
050200061103,2019,0.042353104
050200061103,2020,0.033358039
050200061104,2010,0.043814451
050200061104,2011,0.054995577
050200061104,2012,0.050340841
050200061104,2013,0.038606774
050200061104,2014,0.038986556
050200061104,2015,0.038816307
050200061104,2016,0.057129755
050200061104,2017,0.046235544
050200061104,2018,0.065647218
050200061104,2019,0.096025429
050200061104,2020,0.075115538
050200061201,2010,0.058807848
050200061201,2011,0.07394035
050200061201,2012,0.067572599
050200061201,2013,0.051741477
050200061201,2014,0.052334361
050200061201,2015,0.052094562
050200061201,2016,0.076826234
050200061201,2017,0.06208258
050200061201,2018,0.088472485
050200061201,2019,0.129565018
050200061201,2020,0.101236216
050200061202,2010,0.071384713
050200061202,2011,0.074379781
050200061202,2012,0.074641515
050200061202,2013,0.075190998
050200061202,2014,0.070894379
050200061202,2015,0.068095645
050200061202,2016,0.060435876
050200061202,2017,0.05637583
050200061202,2018,0.04938774
050200061202,2019,0.066858236
050200061202,2020,0.066234877
050200061203,2010,0.225134283
050200061203,2011,0.229816238
050200061203,2012,0.255083563
050200061203,2013,0.219769487
050200061203,2014,0.221193059
050200061203,2015,0.221146264
050200061203,2016,0.221240701
050200061203,2017,0.20768145
050200061203,2018,0.195839687
050200061203,2019,0.202209315
050200061203,2020,0.191493353
050301010101,2010,0.003039965
050301010101,2011,0.010855036
050301010101,2012,0.003577843
050301010101,2013,0.002904483
050301010101,2014,0.01117913
050301010101,2015,0.011219682
050301010101,2016,0.011493759
050301010101,2017,0.010861692
050301010101,2018,0.009610494
050301010101,2019,0.009884517
050301010101,2020,0.009540102
050301010102,2010,0.382971581
050301010102,2011,0.372461225
050301010102,2012,0.451043202
050301010102,2013,0.361405351
050301010102,2014,0.377459691
050301010102,2015,0.385901559
050301010102,2016,0.382220782
050301010102,2017,0.37211423
050301010102,2018,0.329132
050301010102,2019,0.251225522
050301010102,2020,0.251481089
050301010103,2010,0.033201175
050301010103,2011,0.032218607
050301010103,2012,0.039102569
050301010103,2013,0.031331198
050301010103,2014,0.032649371
050301010103,2015,0.033381466
050301010103,2016,0.033059625
050301010103,2017,0.03218844
050301010103,2018,0.028470381
050301010103,2019,0.021708325
050301010103,2020,0.021733612
050301010104,2010,0.450827769
050301010104,2011,0.445116367
050301010104,2012,0.530958471
050301010104,2013,0.425470475
050301010104,2014,0.451240342
050301010104,2015,0.461155656
050301010104,2016,0.457078489
050301010104,2017,0.444715827
050301010104,2018,0.393350402
050301010104,2019,0.302392826
050301010104,2020,0.302401502
050301010105,2010,0.049507574
050301010105,2011,0.048042429
050301010105,2012,0.058307375
050301010105,2013,0.046719179
050301010105,2014,0.048684759
050301010105,2015,0.049776414
050301010105,2016,0.049296505
050301010105,2017,0.047997446
050301010105,2018,0.042453303
050301010105,2019,0.032370135
050301010105,2020,0.032407842
050301010106,2010,0.234089302
050301010106,2011,0.229368769
050301010106,2012,0.271691168
050301010106,2013,0.239840168
050301010106,2014,0.24022808
050301010106,2015,0.247654169
050301010106,2016,0.246899485
050301010106,2017,0.240662395
050301010106,2018,0.216224673
050301010106,2019,0.19768376
050301010106,2020,0.194605051
050301010107,2010,0.980669974
050301010107,2011,0.93621098
050301010107,2012,1.12620973
050301010107,2013,0.920510253
050301010107,2014,0.971486692
050301010107,2015,0.965710043
050301010107,2016,0.961158056
050301010107,2017,0.937554981
050301010107,2018,0.837753942
050301010107,2019,0.704268432
050301010107,2020,0.708391501
050301010201,2010,0.0
050301010201,2011,0.0
050301010201,2012,0.0
050301010201,2013,0.0
050301010201,2014,0.0
050301010201,2015,0.0
050301010201,2016,0.0
050301010201,2017,0.0
050301010201,2018,0.0
050301010201,2019,0.0
050301010201,2020,0.0
050301010202,2010,0.007060503
050301010202,2011,0.006851552
050301010202,2012,0.008315483
050301010202,2013,0.006662837
050301010202,2014,0.006943157
050301010202,2015,0.007098843
050301010202,2016,0.007030401
050301010202,2017,0.006845137
050301010202,2018,0.006054461
050301010202,2019,0.004616454
050301010202,2020,0.004621831
050301010203,2010,0.016768694
050301010203,2011,0.016272436
050301010203,2012,0.019749272
050301010203,2013,0.015824238
050301010203,2014,0.016489999
050301010203,2015,0.016859753
050301010203,2016,0.016697203
050301010203,2017,0.016257199
050301010203,2018,0.014379345
050301010203,2019,0.010964078
050301010203,2020,0.01097685
050301010204,2010,0.000925588
050301010204,2011,0.000941989
050301010204,2012,0.00095831
050301010204,2013,0.000869522
050301010204,2014,0.000857935
050301010204,2015,0.000867813
050301010204,2016,0.000895732
050301010204,2017,0.000887017
050301010204,2018,0.00078875
050301010204,2019,0.000860022
050301010204,2020,0.000831489
050301010205,2010,0.0
050301010205,2011,0.0
050301010205,2012,0.0
050301010205,2013,0.0
050301010205,2014,0.0
050301010205,2015,0.0
050301010205,2016,0.0
050301010205,2017,0.0
050301010205,2018,0.0
050301010205,2019,0.0
050301010205,2020,0.0
050301010206,2010,0.0
050301010206,2011,0.0
050301010206,2012,0.0
050301010206,2013,0.0
050301010206,2014,0.0
050301010206,2015,0.0
050301010206,2016,0.0
050301010206,2017,0.0
050301010206,2018,0.0
050301010206,2019,0.0
050301010206,2020,0.0
050301010207,2010,0.006294567
050301010207,2011,0.006338393
050301010207,2012,0.006715824
050301010207,2013,0.006202186
050301010207,2014,0.005799802
050301010207,2015,0.005985395
050301010207,2016,0.005912942
050301010207,2017,0.006193385
050301010207,2018,0.005430545
050301010207,2019,0.006337935
050301010207,2020,0.006204776
050301010301,2010,1.049643114
050301010301,2011,1.013686997
050301010301,2012,1.198504494
050301010301,2013,0.990999998
050301010301,2014,1.118259448
050301010301,2015,1.095577939
050301010301,2016,1.102439928
050301010301,2017,1.076350592
050301010301,2018,0.955779601
050301010301,2019,0.896145733
050301010301,2020,0.920930038
050301010302,2010,0.169732664
050301010302,2011,0.138559311
050301010302,2012,0.159957467
050301010302,2013,0.151201863
050301010302,2014,0.15318698
050301010302,2015,0.121936768
050301010302,2016,0.123926677
050301010302,2017,0.122840766
050301010302,2018,0.122714975
050301010302,2019,0.159413331
050301010302,2020,0.158213395
050301010303,2010,0.543987437
050301010303,2011,0.475323527
050301010303,2012,0.547777454
050301010303,2013,0.497102805
050301010303,2014,0.542632999
050301010303,2015,0.469216157
050301010303,2016,0.477990583
050301010303,2017,0.469960164
050301010303,2018,0.44464331
050301010303,2019,0.535905429
050301010303,2020,0.543413349
050301010304,2010,0.10891864
050301010304,2011,0.103192325
050301010304,2012,0.11982919
050301010304,2013,0.108856391
050301010304,2014,0.108310922
050301010304,2015,0.110195392
050301010304,2016,0.115484557
050301010304,2017,0.113562777
050301010304,2018,0.099845205
050301010304,2019,0.112887079
050301010304,2020,0.124949645
050301010305,2010,0.016925921
050301010305,2011,0.015703394
050301010305,2012,0.018056157
050301010305,2013,0.017101922
050301010305,2014,0.016131245
050301010305,2015,0.016134809
050301010305,2016,0.016307797
050301010305,2017,0.015234325
050301010305,2018,0.013765904
050301010305,2019,0.014941966
050301010305,2020,0.014881964
050301010306,2010,0.035203536
050301010306,2011,0.03446804
050301010306,2012,0.039530919
050301010306,2013,0.035410886
050301010306,2014,0.036138702
050301010306,2015,0.035804212
050301010306,2016,0.036083648
050301010306,2017,0.034619229
050301010306,2018,0.029446637
050301010306,2019,0.033936981
050301010306,2020,0.035020614
050301010307,2010,0.267396408
050301010307,2011,0.260275347
050301010307,2012,0.298667491
050301010307,2013,0.272211745
050301010307,2014,0.265612272
050301010307,2015,0.270384944
050301010307,2016,0.271599951
050301010307,2017,0.25771152
050301010307,2018,0.224963644
050301010307,2019,0.252204734
050301010307,2020,0.255485968
050301010308,2010,0.124729252
050301010308,2011,0.106634541
050301010308,2012,0.116722876
050301010308,2013,0.112890956
050301010308,2014,0.113431022
050301010308,2015,0.103278802
050301010308,2016,0.105442869
050301010308,2017,0.100802309
050301010308,2018,0.088650219
050301010308,2019,0.103974648
050301010308,2020,0.10471841
050301010309,2010,0.423046907
050301010309,2011,0.395979671
050301010309,2012,0.450265094
050301010309,2013,0.429820161
050301010309,2014,0.39803755
050301010309,2015,0.397008776
050301010309,2016,0.402836892
050301010309,2017,0.382381914
050301010309,2018,0.325707016
050301010309,2019,0.377250571
050301010309,2020,0.37940741
050301010310,2010,0.277718103
050301010310,2011,0.247292499
050301010310,2012,0.285127695
050301010310,2013,0.251037967
050301010310,2014,0.250923474
050301010310,2015,0.212487324
050301010310,2016,0.213957145
050301010310,2017,0.194446514
050301010310,2018,0.134318968
050301010310,2019,0.137061071
050301010310,2020,0.150191482
050301010602,2010,0.019218864
050301010602,2011,0.018263195
050301010602,2012,0.021736988
050301010602,2013,0.020099426
050301010602,2014,0.019124917
050301010602,2015,0.018938809
050301010602,2016,0.019610633
050301010602,2017,0.018775387
050301010602,2018,0.016991272
050301010602,2019,0.017873868
050301010602,2020,0.017671376
050301010603,2010,0.000103232
050301010603,2011,0.000107154
050301010603,2012,0.000108155
050301010603,2013,9.9477e-05
050301010603,2014,0.000112689
050301010603,2015,0.000106002
050301010603,2016,0.000116954
050301010603,2017,0.000108212
050301010603,2018,8.6671e-05
050301010603,2019,9.041e-05
050301010603,2020,9.0309e-05
050301010606,2010,0.046316711
050301010606,2011,0.048076208
050301010606,2012,0.048525693
050301010606,2013,0.044632007
050301010606,2014,0.050559814
050301010606,2015,0.047559555
050301010606,2016,0.052473382
050301010606,2017,0.048551293
050301010606,2018,0.038886543
050301010606,2019,0.040563979
050301010606,2020,0.040518847
050301010607,2010,0.013827524
050301010607,2011,0.013125168
050301010607,2012,0.015571035
050301010607,2013,0.014427714
050301010607,2014,0.013337521
050301010607,2015,0.011668419
050301010607,2016,0.011941922
050301010607,2017,0.011734035
050301010607,2018,0.010468466
050301010607,2019,0.01325061
050301010607,2020,0.013654622
050301010608,2010,0.002791831
050301010608,2011,0.002553219
050301010608,2012,0.002967693
050301010608,2013,0.002737117
050301010608,2014,0.002747406
050301010608,2015,0.002027462
050301010608,2016,0.002209121
050301010608,2017,0.002467765
050301010608,2018,0.002202637
050301010608,2019,0.00190118
050301010608,2020,0.002056071
050301010610,2010,0.051927919
050301010610,2011,0.049930332
050301010610,2012,0.057914187
050301010610,2013,0.05386816
050301010610,2014,0.053810185
050301010610,2015,0.041447895
050301010610,2016,0.044816031
050301010610,2017,0.048895622
050301010610,2018,0.044102881
050301010610,2019,0.038833875
050301010610,2020,0.041086767
050301010901,2010,0.0
050301010901,2011,0.0
050301010901,2012,0.0
050301010901,2013,0.0
050301010901,2014,0.0
050301010901,2015,0.0
050301010901,2016,0.0
050301010901,2017,0.0
050301010901,2018,0.0
050301010901,2019,0.0
050301010901,2020,0.0
050301010902,2010,0.03553348
050301010902,2011,0.033974755
050301010902,2012,0.039333174
050301010902,2013,0.036746417
050301010902,2014,0.036303862
050301010902,2015,0.035796338
050301010902,2016,0.035171022
050301010902,2017,0.033203668
050301010902,2018,0.029866043
050301010902,2019,0.031229159
050301010902,2020,0.032051849
050301011101,2010,0.0
050301011101,2011,0.0
050301011101,2012,0.0
050301011101,2013,0.0
050301011101,2014,0.0
050301011101,2015,0.0
050301011101,2016,0.0
050301011101,2017,0.0
050301011101,2018,0.0
050301011101,2019,0.0
050301011101,2020,0.0
050301011103,2010,0.468686923
050301011103,2011,0.46395464
050301011103,2012,0.531020589
050301011103,2013,0.492937374
050301011103,2014,0.480183574
050301011103,2015,0.475879375
050301011103,2016,0.484158385
050301011103,2017,0.457114989
050301011103,2018,0.418177245
050301011103,2019,0.442924411
050301011103,2020,0.446779603
050301011104,2010,0.0
050301011104,2011,0.0
050301011104,2012,0.0
050301011104,2013,0.0
050301011104,2014,0.0
050301011104,2015,0.0
050301011104,2016,0.0
050301011104,2017,0.0
050301011104,2018,0.0
050301011104,2019,0.0
050301011104,2020,0.0
050301011105,2010,0.135158829
050301011105,2011,0.1292299
050301011105,2012,0.14961174
050301011105,2013,0.139772482
050301011105,2014,0.138089135
050301011105,2015,0.136158664
050301011105,2016,0.133780146
050301011105,2017,0.126296916
050301011105,2018,0.113601578
050301011105,2019,0.118786467
050301011105,2020,0.121915736
050301011108,2010,0.268562918
050301011108,2011,0.256782035
050301011108,2012,0.297281102
050301011108,2013,0.277730326
050301011108,2014,0.274385487
050301011108,2015,0.270549607
050301011108,2016,0.265823451
050301011108,2017,0.250954144
050301011108,2018,0.225728289
050301011108,2019,0.236030753
050301011108,2020,0.242248665
050301020101,2010,0.0
050301020101,2011,0.0
050301020101,2012,0.0
050301020101,2013,0.0
050301020101,2014,0.0
050301020101,2015,0.0
050301020101,2016,0.0
050301020101,2017,0.0
050301020101,2018,0.0
050301020101,2019,0.0
050301020101,2020,0.0
050301020102,2010,0.008213912
050301020102,2011,0.005964359
050301020102,2012,0.010476307
050301020102,2013,0.009797452
050301020102,2014,0.009366793
050301020102,2015,0.009026466
050301020102,2016,0.009366743
050301020102,2017,0.008769883
050301020102,2018,0.007827387
050301020102,2019,0.008665662
050301020102,2020,0.009150519
050301020103,2010,0.0
050301020103,2011,0.0
050301020103,2012,0.0
050301020103,2013,0.0
050301020103,2014,0.0
050301020103,2015,0.0
050301020103,2016,0.0
050301020103,2017,0.0
050301020103,2018,0.0
050301020103,2019,0.0
050301020103,2020,0.0
050301020104,2010,0.012922312
050301020104,2011,0.013074393
050301020104,2012,0.016028968
050301020104,2013,0.01294264
050301020104,2014,0.011254323
050301020104,2015,0.01028313
050301020104,2016,0.010232267
050301020104,2017,0.010230505
050301020104,2018,0.008254084
050301020104,2019,0.009724952
050301020104,2020,0.008632458
050301020105,2010,0.0
050301020105,2011,0.0
050301020105,2012,0.0
050301020105,2013,0.0
050301020105,2014,0.0
050301020105,2015,0.0
050301020105,2016,0.0
050301020105,2017,0.0
050301020105,2018,0.0
050301020105,2019,0.0
050301020105,2020,0.0
050301020201,2010,0.000319976
050301020201,2011,0.000304552
050301020201,2012,0.000354006
050301020201,2013,0.000331732
050301020201,2014,0.000317692
050301020201,2015,0.000306727
050301020201,2016,0.000315359
050301020201,2017,0.000362328
050301020201,2018,0.000336232
050301020201,2019,0.000354821
050301020201,2020,0.000350018
050301020202,2010,0.000339631
050301020202,2011,0.000331527
050301020202,2012,0.000384338
050301020202,2013,0.000367811
050301020202,2014,0.00035252
050301020202,2015,0.000339572
050301020202,2016,0.000342461
050301020202,2017,0.000329674
050301020202,2018,0.000300836
050301020202,2019,0.000317226
050301020202,2020,0.000314921
050301020203,2010,0.010032604
050301020203,2011,0.009480248
050301020203,2012,0.010982262
050301020203,2013,0.010266836
050301020203,2014,0.008957338
050301020203,2015,0.00916957
050301020203,2016,0.00845907
050301020203,2017,0.009005418
050301020203,2018,0.008149674
050301020203,2019,0.008570312
050301020203,2020,0.009026585
050301020303,2010,0.0
050301020303,2011,0.0
050301020303,2012,0.0
050301020303,2013,0.0
050301020303,2014,0.0
050301020303,2015,0.0
050301020303,2016,0.0
050301020303,2017,0.0
050301020303,2018,0.0
050301020303,2019,0.0
050301020303,2020,0.0
050301020304,2010,0.0
050301020304,2011,0.0
050301020304,2012,0.0
050301020304,2013,0.0
050301020304,2014,0.0
050301020304,2015,0.0
050301020304,2016,0.0
050301020304,2017,0.0
050301020304,2018,0.0
050301020304,2019,0.0
050301020304,2020,0.0
050301020401,2010,0.011260016
050301020401,2011,0.010862532
050301020401,2012,0.012992058
050301020401,2013,0.012597876
050301020401,2014,0.010194139
050301020401,2015,0.010710298
050301020401,2016,0.01018132
050301020401,2017,0.01201222
050301020401,2018,0.010257208
050301020401,2019,0.010906361
050301020401,2020,0.010876369
050301020402,2010,0.011912041
050301020402,2011,0.01110446
050301020402,2012,0.012273756
050301020402,2013,0.011358526
050301020402,2014,0.010678878
050301020402,2015,0.010211752
050301020402,2016,0.010769358
050301020402,2017,0.009923851
050301020402,2018,0.009054768
050301020402,2019,0.009644763
050301020402,2020,0.0102567
050301020403,2010,0.039313312
050301020403,2011,0.036648053
050301020403,2012,0.040507082
050301020403,2013,0.037486547
050301020403,2014,0.035243505
050301020403,2015,0.033701847
050301020403,2016,0.035542114
050301020403,2017,0.03275169
050301020403,2018,0.029883455
050301020403,2019,0.031830613
050301020403,2020,0.033850191
050301020404,2010,0.038496103
050301020404,2011,0.03659279
050301020404,2012,0.043530664
050301020404,2013,0.040262756
050301020404,2014,0.038296908
050301020404,2015,0.037881771
050301020404,2016,0.039228803
050301020404,2017,0.037583866
050301020404,2018,0.034088759
050301020404,2019,0.035938107
050301020404,2020,0.035383211
050301020405,2010,0.06679512
050301020405,2011,0.063479733
050301020405,2012,0.075551017
050301020405,2013,0.069789464
050301020405,2014,0.066352547
050301020405,2015,0.065750823
050301020405,2016,0.067996382
050301020405,2017,0.065159478
050301020405,2018,0.058932275
050301020405,2019,0.061963862
050301020405,2020,0.061328124
050301020501,2010,2.8607e-05
050301020501,2011,2.7981e-05
050301020501,2012,3.291e-05
050301020501,2013,3.0199e-05
050301020501,2014,2.8334e-05
050301020501,2015,2.8191e-05
050301020501,2016,2.8864e-05
050301020501,2017,2.7286e-05
050301020501,2018,2.5066e-05
050301020501,2019,2.6473e-05
050301020501,2020,2.6542e-05
050301020502,2010,0.00941165
050301020502,2011,0.009205633
050301020502,2012,0.010827451
050301020502,2013,0.00993549
050301020502,2014,0.009321992
050301020502,2015,0.009274905
050301020502,2016,0.00949612
050301020502,2017,0.008977125
050301020502,2018,0.008246768
050301020502,2019,0.008709474
050301020502,2020,0.008732407
050301020503,2010,0.00725411
050301020503,2011,0.006869097
050301020503,2012,0.007933425
050301020503,2013,0.007176366
050301020503,2014,0.00691182
050301020503,2015,0.006739646
050301020503,2016,0.006867537
050301020503,2017,0.005539957
050301020503,2018,0.004822769
050301020503,2019,0.005139998
050301020503,2020,0.005732976
050301020504,2010,0.002538701
050301020504,2011,0.002355445
050301020504,2012,0.002706881
050301020504,2013,0.002432201
050301020504,2014,0.002362325
050301020504,2015,0.00212083
050301020504,2016,0.002388922
050301020504,2017,0.002145122
050301020504,2018,0.001899797
050301020504,2019,0.002276648
050301020504,2020,0.002038545
050301020505,2010,0.010848181
050301020505,2011,0.010303199
050301020505,2012,0.01226174
050301020505,2013,0.011339604
050301020505,2014,0.010790448
050301020505,2015,0.010684904
050301020505,2016,0.011058152
050301020505,2017,0.010588358
050301020505,2018,0.009580863
050301020505,2019,0.010079581
050301020505,2020,0.00998538
050301020506,2010,0.025632096
050301020506,2011,0.024657371
050301020506,2012,0.031625121
050301020506,2013,0.029045974
050301020506,2014,0.021872427
050301020506,2015,0.022905621
050301020506,2016,0.022085641
050301020506,2017,0.02195724
050301020506,2018,0.020438188
050301020506,2019,0.025958789
050301020506,2020,0.024288868
050301020507,2010,0.151574012
050301020507,2011,0.149830313
050301020507,2012,0.168492665
050301020507,2013,0.154623803
050301020507,2014,0.160026794
050301020507,2015,0.148900631
050301020507,2016,0.15250764
050301020507,2017,0.137686175
050301020507,2018,0.130036809
050301020507,2019,0.13232931
050301020507,2020,0.130719046
050301020602,2010,0.219572261
050301020602,2011,0.211161624
050301020602,2012,0.270190462
050301020602,2013,0.248167589
050301020602,2014,0.188527436
050301020602,2015,0.196773183
050301020602,2016,0.190288706
050301020602,2017,0.188853372
050301020602,2018,0.175890868
050301020602,2019,0.221739444
050301020602,2020,0.207825422
050301020603,2010,0.613261444
050301020603,2011,0.583922423
050301020603,2012,0.703888259
050301020603,2013,0.650088128
050301020603,2014,0.596132231
050301020603,2015,0.595210171
050301020603,2016,0.609968019
050301020603,2017,0.587147468
050301020603,2018,0.53358855
050301020603,2019,0.578634032
050301020603,2020,0.566716187
050301020604,2010,0.052773624
050301020604,2011,0.050149426
050301020604,2012,0.059688211
050301020604,2013,0.055191583
050301020604,2014,0.05251565
050301020604,2015,0.052004612
050301020604,2016,0.053849392
050301020604,2017,0.051555868
050301020604,2018,0.046656815
050301020604,2019,0.049080361
050301020604,2020,0.048524332
050301020605,2010,0.07878116
050301020605,2011,0.077905606
050301020605,2012,0.087521965
050301020605,2013,0.080372475
050301020605,2014,0.083056044
050301020605,2015,0.07727213
050301020605,2016,0.079118031
050301020605,2017,0.071428703
050301020605,2018,0.067416841
050301020605,2019,0.068616851
050301020605,2020,0.067787343
050301020606,2010,0.139627858
050301020606,2011,0.138021811
050301020606,2012,0.155212858
050301020606,2013,0.142436978
050301020606,2014,0.147414376
050301020606,2015,0.137164843
050301020606,2016,0.140487505
050301020606,2017,0.126833753
050301020606,2018,0.119787625
050301020606,2019,0.121899087
050301020606,2020,0.120415624
050301030807,2010,0.477871156
050301030807,2011,0.451474069
050301030807,2012,0.526824603
050301030807,2013,0.488343644
050301030807,2014,0.460210841
050301030807,2015,0.434677991
050301030807,2016,0.446003024
050301030807,2017,0.430585894
050301030807,2018,0.412935099
050301030807,2019,0.421209609
050301030807,2020,0.414628299
050301030808,2010,0.02240414
050301030808,2011,0.020611607
050301030808,2012,0.036335533
050301030808,2013,0.033169444
050301030808,2014,0.034461696
050301030808,2015,0.035538911
050301030808,2016,0.034394218
050301030808,2017,0.0221137
050301030808,2018,0.014250965
050301030808,2019,0.014639149
050301030808,2020,0.015257497
050301030809,2010,0.093847233
050301030809,2011,0.086234167
050301030809,2012,0.100263938
050301030809,2013,0.092148233
050301030809,2014,0.08842994
050301030809,2015,0.08658055
050301030809,2016,0.087101982
050301030809,2017,0.084956072
050301030809,2018,0.078715548
050301030809,2019,0.078627716
050301030809,2020,0.077913927
050301040101,2010,0.018999484
050301040101,2011,0.018245214
050301040101,2012,0.020785696
050301040101,2013,0.018987309
050301040101,2014,0.019525836
050301040101,2015,0.018142471
050301040101,2016,0.018398353
050301040101,2017,0.01741388
050301040101,2018,0.015369289
050301040101,2019,0.016106502
050301040101,2020,0.015559474
050301040102,2010,0.014685865
050301040102,2011,0.014018832
050301040102,2012,0.016477417
050301040102,2013,0.015279515
050301040102,2014,0.015044349
050301040102,2015,0.010886189
050301040102,2016,0.011819317
050301040102,2017,0.013206242
050301040102,2018,0.011776596
050301040102,2019,0.01105814
050301040102,2020,0.01178286
050301040103,2010,0.41354479
050301040103,2011,0.393460491
050301040103,2012,0.460246902
050301040103,2013,0.420246028
050301040103,2014,0.399519517
050301040103,2015,0.362957046
050301040103,2016,0.373962203
050301040103,2017,0.355917604
050301040103,2018,0.303726201
050301040103,2019,0.355557868
050301040103,2020,0.360574307
050301050101,2010,0.0
050301050101,2011,0.0
050301050101,2012,0.0
050301050101,2013,0.0
050301050101,2014,0.0
050301050101,2015,0.0
050301050101,2016,0.0
050301050101,2017,0.0
050301050101,2018,0.0
050301050101,2019,0.0
050301050101,2020,0.0
050301050102,2010,0.032407609
050301050102,2011,0.032886722
050301050102,2012,0.037855322
050301050102,2013,0.035485875
050301050102,2014,0.033616948
050301050102,2015,0.032874487
050301050102,2016,0.033231662
050301050102,2017,0.0327116
050301050102,2018,0.027957624
050301050102,2019,0.031391414
050301050102,2020,0.032207536
050301050201,2010,0.001074704
050301050201,2011,0.001036884
050301050201,2012,0.001194394
050301050201,2013,0.001105439
050301050201,2014,0.001074272
050301050201,2015,0.000707411
050301050201,2016,0.000580005
050301050201,2017,0.000430569
050301050201,2018,0.000777224
050301050201,2019,0.000866561
050301050201,2020,0.00087471
050301050202,2010,0.0
050301050202,2011,0.0
050301050202,2012,0.0
050301050202,2013,0.0
050301050202,2014,0.0
050301050202,2015,0.0
050301050202,2016,0.0
050301050202,2017,0.0
050301050202,2018,0.0
050301050202,2019,0.0
050301050202,2020,0.0
050301050203,2010,0.077991445
050301050203,2011,0.074122647
050301050203,2012,0.088091529
050301050203,2013,0.079745467
050301050203,2014,0.079250395
050301050203,2015,0.077876632
050301050203,2016,0.077232682
050301050203,2017,0.07075905
050301050203,2018,0.063763214
050301050203,2019,0.066815383
050301050203,2020,0.067513549
050301050301,2010,0.0
050301050301,2011,0.0
050301050301,2012,0.0
050301050301,2013,0.0
050301050301,2014,0.0
050301050301,2015,0.0
050301050301,2016,0.0
050301050301,2017,0.0
050301050301,2018,0.0
050301050301,2019,0.0
050301050301,2020,0.0
050301050302,2010,0.002180114
050301050302,2011,0.002103394
050301050302,2012,0.002422913
050301050302,2013,0.002242462
050301050302,2014,0.002179237
050301050302,2015,0.001435035
050301050302,2016,0.001176582
050301050302,2017,0.000873439
050301050302,2018,0.001576654
050301050302,2019,0.00175788
050301050302,2020,0.001774411
050301050303,2010,0.008798894
050301050303,2011,0.00853477
050301050303,2012,0.010052034
050301050303,2013,0.008951486
050301050303,2014,0.008974751
050301050303,2015,0.008736047
050301050303,2016,0.008441748
050301050303,2017,0.007771383
050301050303,2018,0.006948658
050301050303,2019,0.007365951
050301050303,2020,0.007450905
050301050304,2010,0.00027886
050301050304,2011,0.00032621
050301050304,2012,0.000323536
050301050304,2013,0.000301652
050301050304,2014,0.00027208
050301050304,2015,0.000258705
050301050304,2016,0.000266976
050301050304,2017,0.000258059
050301050304,2018,0.00024332
050301050304,2019,0.000262866
050301050304,2020,0.000312749
050301050305,2010,0.021341277
050301050305,2011,0.019964665
050301050305,2012,0.023739502
050301050305,2013,0.022325845
050301050305,2014,0.021908881
050301050305,2015,0.021816252
050301050305,2016,0.022314178
050301050305,2017,0.020282842
050301050305,2018,0.018513405
050301050305,2019,0.019161472
050301050305,2020,0.019681306
050301050306,2010,0.001001977
050301050306,2011,0.000882334
050301050306,2012,0.001080092
050301050306,2013,0.000932465
050301050306,2014,0.000935839
050301050306,2015,0.000862255
050301050306,2016,0.00091629
050301050306,2017,0.000842002
050301050306,2018,0.000763093
050301050306,2019,0.000761081
050301050306,2020,0.000792647
050301050307,2010,0.014662391
050301050307,2011,0.014715786
050301050307,2012,0.016927436
050301050307,2013,0.015877873
050301050307,2014,0.015623584
050301050307,2015,0.015471955
050301050307,2016,0.015107319
050301050307,2017,0.014856125
050301050307,2018,0.012659218
050301050307,2019,0.014146802
050301050307,2020,0.01452631
050301050308,2010,0.00076816
050301050308,2011,0.000603491
050301050308,2012,0.000685571
050301050308,2013,0.000648327
050301050308,2014,0.000653165
050301050308,2015,0.000660631
050301050308,2016,0.000674334
050301050308,2017,0.000640453
050301050308,2018,0.000572342
050301050308,2019,0.000588649
050301050308,2020,0.000589225
050301050401,2010,0.034873015
050301050401,2011,0.035614437
050301050401,2012,0.040609278
050301050401,2013,0.038181714
050301050401,2014,0.036066289
050301050401,2015,0.035288579
050301050401,2016,0.035884082
050301050401,2017,0.035295661
050301050401,2018,0.029844846
050301050401,2019,0.033892932
050301050401,2020,0.034771685
050301050402,2010,0.010214142
050301050402,2011,0.010431442
050301050402,2012,0.011902808
050301050402,2013,0.011184519
050301050402,2014,0.010564172
050301050402,2015,0.010337924
050301050402,2016,0.010505899
050301050402,2017,0.010324857
050301050402,2018,0.008732815
050301050402,2019,0.009915772
050301050402,2020,0.010172395
050301050403,2010,0.094251889
050301050403,2011,0.096257465
050301050403,2012,0.10983826
050301050403,2013,0.103299478
050301050403,2014,0.097579362
050301050403,2015,0.095473308
050301050403,2016,0.09699753
050301050403,2017,0.09540445
050301050403,2018,0.080648191
050301050403,2019,0.091609622
050301050403,2020,0.09397932
050301050404,2010,0.02105232
050301050404,2011,0.021499322
050301050404,2012,0.024533753
050301050404,2013,0.023095806
050301050404,2014,0.021793552
050301050404,2015,0.021323731
050301050404,2016,0.021668846
050301050404,2017,0.021310985
050301050404,2018,0.018038541
050301050404,2019,0.020489786
050301050404,2020,0.021019665
050301050405,2010,0.006123399
050301050405,2011,0.006176352
050301050405,2012,0.007283913
050301050405,2013,0.006531793
050301050405,2014,0.006529602
050301050405,2015,0.006165194
050301050405,2016,0.006916233
050301050405,2017,0.006959619
050301050405,2018,0.006370733
050301050405,2019,0.007760593
050301050405,2020,0.007328302
050301050406,2010,0.210854867
050301050406,2011,0.178131295
050301050406,2012,0.209655649
050301050406,2013,0.197892535
050301050406,2014,0.195712843
050301050406,2015,0.163245364
050301050406,2016,0.165919827
050301050406,2017,0.16249956
050301050406,2018,0.158447212
050301050406,2019,0.199499329
050301050406,2020,0.198889412
050301050407,2010,0.168223988
050301050407,2011,0.171803609
050301050407,2012,0.196043074
050301050407,2013,0.184372432
050301050407,2014,0.174162976
050301050407,2015,0.170404019
050301050407,2016,0.173124502
050301050407,2017,0.170281118
050301050407,2018,0.143943643
050301050407,2019,0.163507979
050301050407,2020,0.167737496
050301050408,2010,0.47491643
050301050408,2011,0.392679842
050301050408,2012,0.45445639
050301050408,2013,0.428697743
050301050408,2014,0.430780231
050301050408,2015,0.346225095
050301050408,2016,0.351994034
050301050408,2017,0.348632653
050301050408,2018,0.344700709
050301050408,2019,0.446403106
050301050408,2020,0.443995846
050301050409,2010,0.213228349
050301050409,2011,0.203183099
050301050409,2012,0.241413113
050301050409,2013,0.223367209
050301050409,2014,0.212563631
050301050409,2015,0.198982271
050301050409,2016,0.203942082
050301050409,2017,0.194235151
050301050409,2018,0.175971333
050301050409,2019,0.199574974
050301050409,2020,0.204983081
050301060101,2010,0.000210134
050301060101,2011,0.000203915
050301060101,2012,0.000247485
050301060101,2013,0.000198299
050301060101,2014,0.000206642
050301060101,2015,0.000211275
050301060101,2016,0.000209238
050301060101,2017,0.000203724
050301060101,2018,0.000180192
050301060101,2019,0.000137394
050301060101,2020,0.000137555
050301060102,2010,0.0
050301060102,2011,0.0
050301060102,2012,0.0
050301060102,2013,0.0
050301060102,2014,0.0
050301060102,2015,0.0
050301060102,2016,0.0
050301060102,2017,0.0
050301060102,2018,0.0
050301060102,2019,0.0
050301060102,2020,0.0
050301060103,2010,0.002638032
050301060103,2011,0.00155241
050301060103,2012,0.001796519
050301060103,2013,0.001693953
050301060103,2014,0.001654969
050301060103,2015,0.00206187
050301060103,2016,0.002107022
050301060103,2017,0.001987533
050301060103,2018,0.001659436
050301060103,2019,0.001853417
050301060103,2020,0.002651044
050301060104,2010,0.0
050301060104,2011,0.0
050301060104,2012,0.0
050301060104,2013,0.0
050301060104,2014,0.0
050301060104,2015,0.0
050301060104,2016,0.0
050301060104,2017,0.0
050301060104,2018,0.0
050301060104,2019,0.0
050301060104,2020,0.0
050301060105,2010,0.0
050301060105,2011,0.0
050301060105,2012,0.0
050301060105,2013,0.0
050301060105,2014,0.0
050301060105,2015,0.0
050301060105,2016,0.0
050301060105,2017,0.0
050301060105,2018,0.0
050301060105,2019,0.0
050301060105,2020,0.0
050301060401,2010,0.0
050301060401,2011,0.0
050301060401,2012,0.0
050301060401,2013,0.0
050301060401,2014,0.0
050301060401,2015,0.0
050301060401,2016,0.0
050301060401,2017,0.0
050301060401,2018,0.0
050301060401,2019,0.0
050301060401,2020,0.0
050301060402,2010,0.0
050301060402,2011,0.0
050301060402,2012,0.0
050301060402,2013,0.0
050301060402,2014,0.0
050301060402,2015,0.0
050301060402,2016,0.0
050301060402,2017,0.0
050301060402,2018,0.0
050301060402,2019,0.0
050301060402,2020,0.0
050301060403,2010,0.0
050301060403,2011,0.0
050301060403,2012,0.0
050301060403,2013,0.0
050301060403,2014,0.0
050301060403,2015,0.0
050301060403,2016,0.0
050301060403,2017,0.0
050301060403,2018,0.0
050301060403,2019,0.0
050301060403,2020,0.0
050301060501,2010,0.0
050301060501,2011,0.0
050301060501,2012,0.0
050301060501,2013,0.0
050301060501,2014,0.0
050301060501,2015,0.0
050301060501,2016,0.0
050301060501,2017,0.0
050301060501,2018,0.0
050301060501,2019,0.0
050301060501,2020,0.0
050301060502,2010,0.0
050301060502,2011,0.0
050301060502,2012,0.0
050301060502,2013,0.0
050301060502,2014,0.0
050301060502,2015,0.0
050301060502,2016,0.0
050301060502,2017,0.0
050301060502,2018,0.0
050301060502,2019,0.0
050301060502,2020,0.0
050301060503,2010,0.0
050301060503,2011,0.0
050301060503,2012,0.0
050301060503,2013,0.0
050301060503,2014,0.0
050301060503,2015,0.0
050301060503,2016,0.0
050301060503,2017,0.0
050301060503,2018,0.0
050301060503,2019,0.0
050301060503,2020,0.0
050301060601,2010,0.0
050301060601,2011,0.0
050301060601,2012,0.0
050301060601,2013,0.0
050301060601,2014,0.0
050301060601,2015,0.0
050301060601,2016,0.0
050301060601,2017,0.0
050301060601,2018,0.0
050301060601,2019,0.0
050301060601,2020,0.0
050301060602,2010,0.008027888
050301060602,2011,0.006006586
050301060602,2012,0.006918933
050301060602,2013,0.006536267
050301060602,2014,0.006383384
050301060602,2015,0.007229479
050301060602,2016,0.007188508
050301060602,2017,0.006761264
050301060602,2018,0.005835891
050301060602,2019,0.006490085
050301060602,2020,0.007802558
050301060603,2010,0.042539296
050301060603,2011,0.038138043
050301060603,2012,0.04380643
050301060603,2013,0.04143162
050301060603,2014,0.040452985
050301060603,2015,0.043006919
050301060603,2016,0.041912197
050301060603,2017,0.03933523
050301060603,2018,0.034791242
050301060603,2019,0.038572098
050301060603,2020,0.0400418
050301060802,2010,0.008818346
050301060802,2011,0.008632709
050301060802,2012,0.010470646
050301060802,2013,0.009668179
050301060802,2014,0.012758552
050301060802,2015,0.009481998
050301060802,2016,0.012526062
050301060802,2017,0.011964938
050301060802,2018,0.00921805
050301060802,2019,0.009458493
050301060802,2020,0.008223768
050301061001,2010,0.0
050301061001,2011,0.0
050301061001,2012,0.0
050301061001,2013,0.0
050301061001,2014,0.0
050301061001,2015,0.0
050301061001,2016,0.0
050301061001,2017,0.0
050301061001,2018,0.0
050301061001,2019,0.0
050301061001,2020,0.0
050301061003,2010,0.004708241
050301061003,2011,0.005346918
050301061003,2012,0.006746457
050301061003,2013,0.004081275
050301061003,2014,0.003727356
050301061003,2015,0.0023443
050301061003,2016,0.001427296
050301061003,2017,0.001330751
050301061003,2018,0.001381796
050301061003,2019,0.001612427
050301061003,2020,0.001643747
050301061101,2010,0.0
050301061101,2011,0.0
050301061101,2012,0.0
050301061101,2013,0.0
050301061101,2014,0.0
050301061101,2015,0.0
050301061101,2016,0.0
050301061101,2017,0.0
050301061101,2018,0.0
050301061101,2019,0.0
050301061101,2020,0.0
